{
  "prepare_queue": {
    "installed": [],
    "uninstalled": []
  },
  "config_munge": {
    "files": {
      "res/xml/config.xml": {
        "parents": {
          "/*": [
            {
              "xml": "<feature name=\"Device\"><param name=\"android-package\" value=\"org.apache.cordova.device.Device\" /></feature>",
              "count": 1
            },
            {
              "xml": "<feature name=\"Toast\"><param name=\"android-package\" value=\"nl.xservices.plugins.Toast\" /></feature>",
              "count": 1
            }
          ]
        }
      }
    }
  },
  "installed_plugins": {
    "cordova-plugin-device": {
      "PACKAGE_NAME": "com.ANTHONYM.APPNAME"
    },
    "cordova-plugin-x-toast": {
      "PACKAGE_NAME": "com.ANTHONYM.APPNAME"
    }
  },
  "dependent_plugins": {},
  "modules": [
    {
      "id": "cordova-plugin-device.device",
      "file": "plugins/cordova-plugin-device/www/device.js",
      "pluginId": "cordova-plugin-device",
      "clobbers": [
        "device"
      ]
    },
    {
      "id": "cordova-plugin-x-toast.Toast",
      "file": "plugins/cordova-plugin-x-toast/www/Toast.js",
      "pluginId": "cordova-plugin-x-toast",
      "clobbers": [
        "window.plugins.toast"
      ]
    }
  ],
  "plugin_metadata": {
    "cordova-plugin-device": "2.0.3",
    "cordova-plugin-x-toast": "2.7.2"
  }
}
